-- Run this file in Supabase SQL Editor.
-- It creates a PostgreSQL/Supabase version of the old MariaDB seed data.
-- Public website pages read from products; member hub data is kept in domain tables.

create extension if not exists pgcrypto;

create or replace function public.set_updated_at()
returns trigger as $$
begin
  new.updated_at = now();
  return new;
end;
$$ language plpgsql;

create table if not exists public.member_users (
  id integer generated by default as identity primary key,
  name text not null,
  email text not null unique,
  password_hash text not null,
  password_salt text not null,
  role text not null check (role in ('admin', 'owner', 'customer')),
  status text not null default 'active' check (status in ('active', 'locked')),
  phone text,
  created_at timestamptz not null default now(),
  updated_at timestamptz not null default now()
);

create table if not exists public.shops (
  id integer generated by default as identity primary key,
  name text not null,
  slug text unique,
  address text,
  phone text,
  email text,
  logo_data_url text,
  description text,
  owner_id integer references public.member_users(id) on delete set null,
  status text not null default 'active' check (status in ('active', 'locked')),
  created_at timestamptz not null default now(),
  updated_at timestamptz not null default now()
);

create table if not exists public.store_users (
  id integer generated by default as identity primary key,
  store_id integer not null references public.shops(id) on delete cascade,
  user_id integer not null references public.member_users(id) on delete cascade,
  role text not null default 'store_owner',
  created_at timestamptz not null default now(),
  unique (store_id, user_id)
);

create table if not exists public.customers (
  id integer generated by default as identity primary key,
  user_id integer not null references public.member_users(id) on delete cascade,
  shop_id integer not null references public.shops(id) on delete cascade,
  name text not null,
  slug text,
  email text,
  phone text,
  birthday date,
  address text,
  status text not null default 'active' check (status in ('active', 'locked')),
  created_at timestamptz not null default now(),
  updated_at timestamptz not null default now(),
  unique (shop_id, slug),
  unique (shop_id, user_id)
);

create table if not exists public.services (
  id integer generated by default as identity primary key,
  shop_id integer not null references public.shops(id) on delete cascade,
  name text not null,
  price integer not null default 0,
  duration_minutes integer not null default 30,
  description text,
  status text not null default 'active' check (status in ('active', 'inactive')),
  created_at timestamptz not null default now(),
  updated_at timestamptz not null default now()
);

create table if not exists public.membership_cards (
  id integer generated by default as identity primary key,
  customer_id integer not null references public.customers(id) on delete cascade,
  shop_id integer not null references public.shops(id) on delete cascade,
  card_number text not null unique,
  points integer not null default 0,
  tier text not null default 'Silver' check (tier in ('Silver', 'Gold', 'Platinum', 'Diamond')),
  issued_at timestamptz not null default now(),
  expires_at date,
  status text not null default 'active' check (status in ('active', 'locked', 'expired')),
  created_at timestamptz not null default now(),
  updated_at timestamptz not null default now()
);

create table if not exists public.transactions (
  id integer generated by default as identity primary key,
  customer_id integer not null references public.customers(id) on delete cascade,
  shop_id integer not null references public.shops(id) on delete cascade,
  service_id integer references public.services(id) on delete set null,
  amount integer not null default 0,
  points_delta integer not null default 0,
  note text,
  created_at timestamptz not null default now()
);

create table if not exists public.promotions (
  id integer generated by default as identity primary key,
  shop_id integer not null references public.shops(id) on delete cascade,
  title text not null,
  description text,
  discount_percent integer not null default 0,
  start_date date,
  end_date date,
  status text not null default 'active' check (status in ('active', 'inactive')),
  created_at timestamptz not null default now(),
  updated_at timestamptz not null default now()
);

create table if not exists public.products (
  id uuid primary key default gen_random_uuid(),
  legacy_type text,
  legacy_id integer,
  shop_id integer references public.shops(id) on delete set null,
  title text not null,
  slug text not null unique,
  category text not null default 'service',
  summary text,
  description text,
  price numeric(12, 2),
  currency text not null default 'VND',
  image_url text,
  is_published boolean not null default true,
  created_at timestamptz not null default now(),
  updated_at timestamptz not null default now(),
  unique (legacy_type, legacy_id)
);

alter table public.products add column if not exists legacy_type text;
alter table public.products add column if not exists legacy_id integer;
alter table public.products add column if not exists shop_id integer references public.shops(id) on delete set null;

create table if not exists public.contacts (
  id uuid primary key default gen_random_uuid(),
  product_id uuid references public.products(id) on delete set null,
  full_name text not null,
  email text,
  phone text,
  message text,
  source text not null default 'website',
  status text not null default 'new',
  created_at timestamptz not null default now()
);

drop trigger if exists member_users_set_updated_at on public.member_users;
create trigger member_users_set_updated_at
before update on public.member_users
for each row execute function public.set_updated_at();

drop trigger if exists shops_set_updated_at on public.shops;
create trigger shops_set_updated_at
before update on public.shops
for each row execute function public.set_updated_at();

drop trigger if exists customers_set_updated_at on public.customers;
create trigger customers_set_updated_at
before update on public.customers
for each row execute function public.set_updated_at();

drop trigger if exists services_set_updated_at on public.services;
create trigger services_set_updated_at
before update on public.services
for each row execute function public.set_updated_at();

drop trigger if exists membership_cards_set_updated_at on public.membership_cards;
create trigger membership_cards_set_updated_at
before update on public.membership_cards
for each row execute function public.set_updated_at();

drop trigger if exists promotions_set_updated_at on public.promotions;
create trigger promotions_set_updated_at
before update on public.promotions
for each row execute function public.set_updated_at();

drop trigger if exists products_set_updated_at on public.products;
create trigger products_set_updated_at
before update on public.products
for each row execute function public.set_updated_at();

create index if not exists member_users_role_idx on public.member_users(role);
create index if not exists member_users_status_idx on public.member_users(status);
create index if not exists shops_owner_idx on public.shops(owner_id);
create index if not exists store_users_store_idx on public.store_users(store_id);
create index if not exists store_users_user_idx on public.store_users(user_id);
create index if not exists shops_status_idx on public.shops(status);
create index if not exists customers_user_idx on public.customers(user_id);
create index if not exists customers_shop_idx on public.customers(shop_id);
create index if not exists customers_email_idx on public.customers(email);
create index if not exists customers_shop_birthday_idx on public.customers(shop_id, birthday);
create index if not exists services_shop_idx on public.services(shop_id);
create index if not exists services_status_idx on public.services(status);
create index if not exists cards_customer_idx on public.membership_cards(customer_id);
create index if not exists cards_shop_idx on public.membership_cards(shop_id);
create index if not exists cards_shop_customer_idx on public.membership_cards(shop_id, customer_id);
create index if not exists transactions_customer_idx on public.transactions(customer_id);
create index if not exists transactions_shop_idx on public.transactions(shop_id);
create index if not exists transactions_service_idx on public.transactions(service_id);
create index if not exists transactions_created_at_idx on public.transactions(created_at);
create index if not exists transactions_shop_created_idx on public.transactions(shop_id, created_at);
create index if not exists promotions_shop_idx on public.promotions(shop_id);
create index if not exists promotions_status_idx on public.promotions(status);
create index if not exists promotions_shop_status_dates_idx on public.promotions(shop_id, status, start_date, end_date);
create unique index if not exists products_legacy_unique_idx on public.products(legacy_type, legacy_id);
create index if not exists products_slug_idx on public.products(slug);
create index if not exists products_shop_idx on public.products(shop_id);
create index if not exists products_published_created_idx on public.products(is_published, created_at desc);
create index if not exists contacts_created_at_idx on public.contacts(created_at desc);

alter table public.member_users enable row level security;
alter table public.shops enable row level security;
alter table public.store_users enable row level security;
alter table public.customers enable row level security;
alter table public.services enable row level security;
alter table public.membership_cards enable row level security;
alter table public.transactions enable row level security;
alter table public.promotions enable row level security;
alter table public.products enable row level security;
alter table public.contacts enable row level security;

drop policy if exists "Public can read active shops" on public.shops;
create policy "Public can read active shops"
on public.shops
for select
to anon, authenticated
using (status = 'active');

drop policy if exists "Public can read active services" on public.services;
create policy "Public can read active services"
on public.services
for select
to anon, authenticated
using (status = 'active');

drop policy if exists "Public can read active promotions" on public.promotions;
create policy "Public can read active promotions"
on public.promotions
for select
to anon, authenticated
using (status = 'active');

drop policy if exists "Public can read published products" on public.products;
create policy "Public can read published products"
on public.products
for select
to anon, authenticated
using (is_published = true);

drop policy if exists "Public can create contact requests" on public.contacts;
create policy "Public can create contact requests"
on public.contacts
for insert
to anon, authenticated
with check (
  length(trim(full_name)) >= 2
  and (email is not null or phone is not null)
  and status = 'new'
);

insert into public.member_users
  (id, name, email, password_hash, password_salt, role, status, phone)
values
  (1, 'System Admin', 'admin@example.com', '47ebf38d3bca1cd96f3501338d5744c6c19334d96154eb4b1569735325ee40fb53433df9eeb563496ea58c3d970604782945a3b5ea070e3d6ed69d022f8c85d6', 'd11a7099aa9fe23b3c06e70f73ab9e23', 'admin', 'active', '0900000001')
on conflict (id) do update set
  name = excluded.name,
  email = excluded.email,
  password_hash = excluded.password_hash,
  password_salt = excluded.password_salt,
  role = excluded.role,
  status = excluded.status,
  phone = excluded.phone;

delete from public.member_users
where id <> 1
  and (
    email in ('owner@example.com', 'customer@example.com')
    or email like 'owner%@example.com'
    or name like 'Demo Owner %'
  );

insert into public.member_users
  (id, name, email, password_hash, password_salt, role, status, phone)
values
  (2, 'Lumi Spa Owner', 'owner@example.com', 'ece0ecc9e199c7ba83fd50dd080fc177e8f55243dd8a7165ddea0489878016a3cbaa66c23b7e37964124455d02976e2342671d2f10b65d7bf0cd2c80f5edbb76', 'a82b5aa5f33320930da1daa8c4a707c4', 'owner', 'active', '0900000002'),
  (3, 'Nguyen Minh Anh', 'minh.anh@example.com', 'da18da5cb55b8a656f550eb9fc69b28672575e3c872d0d26e1ff99d166dd029a1afa5d2f527bb7c203b67a13ca176c8e44e8bd54fbf11b744aa5612131f2d3e1', '9d578d363f9a8f5181a2047196c6ddb3', 'customer', 'active', '0900000003'),
  (4, 'Tran Quoc Bao', 'bao.tran@example.com', 'da18da5cb55b8a656f550eb9fc69b28672575e3c872d0d26e1ff99d166dd029a1afa5d2f527bb7c203b67a13ca176c8e44e8bd54fbf11b744aa5612131f2d3e1', '9d578d363f9a8f5181a2047196c6ddb3', 'customer', 'active', '0900000004')
on conflict (id) do update set
  name = excluded.name,
  email = excluded.email,
  password_hash = excluded.password_hash,
  password_salt = excluded.password_salt,
  role = excluded.role,
  status = excluded.status,
  phone = excluded.phone;

insert into public.shops
  (id, name, slug, address, phone, email, description, owner_id, status)
values
  (1, 'Lumi Spa Quan 1', 'lumi-spa-quan-1', '12 Nguyen Hue, Quan 1, TP.HCM', '028 1111 2222', 'hello@lumispa.vn', 'Cham soc da, massage thu gian va goi thanh vien theo diem.', 2, 'active'),
  (2, 'Nova Fitness Thu Duc', 'NovaFitnessThuDuc', '88 Vo Van Ngan, TP. Thu Duc', '028 3333 4444', 'team@novafit.vn', 'Phong tap va dich vu huan luyen ca nhan.', null, 'active')
on conflict (id) do update set
  name = excluded.name,
  slug = excluded.slug,
  address = excluded.address,
  phone = excluded.phone,
  email = excluded.email,
  description = excluded.description,
  owner_id = excluded.owner_id,
  status = excluded.status;

insert into public.store_users
  (store_id, user_id, role)
values
  (1, 2, 'store_owner')
on conflict (store_id, user_id) do update set
  role = excluded.role;

insert into public.customers
  (id, user_id, shop_id, name, slug, email, phone, birthday, address, status)
values
  (1, 3, 1, 'Nguyen Minh Anh', 'nguyen-minh-anh', 'minh.anh@example.com', '0900000003', '1996-05-14', 'Quan Binh Thanh, TP.HCM', 'active'),
  (2, 4, 1, 'Tran Quoc Bao', 'TranQuocBao', 'bao.tran@example.com', '0900000004', '1992-09-20', 'Quan 3, TP.HCM', 'active')
on conflict (id) do update set
  user_id = excluded.user_id,
  shop_id = excluded.shop_id,
  name = excluded.name,
  slug = excluded.slug,
  email = excluded.email,
  phone = excluded.phone,
  birthday = excluded.birthday,
  address = excluded.address,
  status = excluded.status;

insert into public.services
  (id, shop_id, name, price, duration_minutes, description, status)
values
  (1, 1, 'Cham soc da co ban', 450000, 60, 'Lam sach sau, mat na va massage mat.', 'active'),
  (2, 1, 'Massage da nong', 650000, 75, 'Lieu trinh thu gian toan than.', 'active'),
  (3, 2, 'Goi PT 1:1', 900000, 60, 'Tap luyen ca nhan hoa theo muc tieu.', 'active')
on conflict (id) do update set
  shop_id = excluded.shop_id,
  name = excluded.name,
  price = excluded.price,
  duration_minutes = excluded.duration_minutes,
  description = excluded.description,
  status = excluded.status;

insert into public.membership_cards
  (id, customer_id, shop_id, card_number, points, tier, expires_at, status)
values
  (1, 1, 1, 'MC001IMPORT001', 720, 'Gold', '2027-12-31', 'active'),
  (2, 2, 1, 'MC001IMPORT002', 120, 'Silver', '2027-12-31', 'active')
on conflict (id) do update set
  customer_id = excluded.customer_id,
  shop_id = excluded.shop_id,
  card_number = excluded.card_number,
  points = excluded.points,
  tier = excluded.tier,
  expires_at = excluded.expires_at,
  status = excluded.status;

insert into public.transactions
  (id, customer_id, shop_id, service_id, amount, points_delta, note, created_at)
values
  (1, 1, 1, 1, 450000, 45, 'Tich diem tu dich vu cham soc da.', now() - interval '8 days'),
  (2, 1, 1, 2, 650000, 65, 'Khach hang su dung goi premium.', now() - interval '2 days'),
  (3, 2, 1, 1, 450000, 45, 'Khach moi.', now() - interval '1 day')
on conflict (id) do update set
  customer_id = excluded.customer_id,
  shop_id = excluded.shop_id,
  service_id = excluded.service_id,
  amount = excluded.amount,
  points_delta = excluded.points_delta,
  note = excluded.note,
  created_at = excluded.created_at;

insert into public.promotions
  (id, shop_id, title, description, discount_percent, start_date, end_date, status)
values
  (1, 1, 'Uu dai hoi vien Gold', 'Giam gia cho khach hang hang Gold tro len.', 15, current_date - interval '3 days', current_date + interval '20 days', 'active'),
  (2, 2, 'Thang tap thu dau tien', 'Uu dai cho khach hang dang ky moi.', 10, current_date, current_date + interval '30 days', 'active')
on conflict (id) do update set
  shop_id = excluded.shop_id,
  title = excluded.title,
  description = excluded.description,
  discount_percent = excluded.discount_percent,
  start_date = excluded.start_date,
  end_date = excluded.end_date,
  status = excluded.status;

insert into public.products
  (legacy_type, legacy_id, shop_id, title, slug, category, summary, description, price, currency, image_url, is_published)
values
  (
    'service',
    1,
    1,
    'Cham soc da co ban',
    'cham-soc-da-co-ban',
    'service',
    'Lam sach sau, mat na va massage mat trong 60 phut tai Lumi Spa Quan 1.',
    'Dich vu tu Lumi Spa Quan 1.' || chr(10) ||
    'Gia: 450.000 VND.' || chr(10) ||
    'Thoi luong: 60 phut.' || chr(10) ||
    'Phu hop voi khach hang muon cham soc da dinh ky va tich diem thanh vien.',
    450000,
    'VND',
    '/assets/beauty-hero.png',
    true
  ),
  (
    'service',
    2,
    1,
    'Massage da nong',
    'massage-da-nong',
    'service',
    'Lieu trinh thu gian toan than 75 phut, co tich diem thanh vien.',
    'Dich vu premium cua Lumi Spa Quan 1.' || chr(10) ||
    'Gia: 650.000 VND.' || chr(10) ||
    'Khach hang su dung dich vu duoc ghi nhan giao dich va cong diem theo chinh sach member hub.',
    650000,
    'VND',
    '/assets/beauty-hero.png',
    true
  ),
  (
    'service',
    3,
    2,
    'Goi PT 1:1',
    'goi-pt-1-1',
    'service',
    'Goi huan luyen ca nhan 60 phut tai Nova Fitness Thu Duc.',
    'Dich vu tap luyen ca nhan hoa theo muc tieu.' || chr(10) ||
    'Gia: 900.000 VND.' || chr(10) ||
    'Du lieu duoc import tu bang services cua app MariaDB cu.',
    900000,
    'VND',
    '/assets/beauty-hero.png',
    true
  ),
  (
    'promotion',
    1,
    1,
    'Uu dai hoi vien Gold',
    'uu-dai-hoi-vien-gold',
    'promotion',
    'Giam 15% cho khach hang hang Gold tro len tai Lumi Spa Quan 1.',
    'Chuong trinh khuyen mai dang active.' || chr(10) ||
    'Ap dung tu 3 ngay truoc den 20 ngay toi.' || chr(10) ||
    'Lien he cua hang de xac nhan dieu kien va lich hen.',
    null,
    'VND',
    '/assets/beauty-hero.png',
    true
  ),
  (
    'promotion',
    2,
    2,
    'Thang tap thu dau tien',
    'thang-tap-thu-dau-tien',
    'promotion',
    'Giam 10% cho khach hang moi dang ky tai Nova Fitness Thu Duc.',
    'Chuong trinh khuyen mai cho khach hang dang ky moi.' || chr(10) ||
    'Ap dung trong 30 ngay ke tu hom nay.' || chr(10) ||
    'Du lieu duoc map tu bang promotions cua import MariaDB.',
    null,
    'VND',
    '/assets/beauty-hero.png',
    true
  )
on conflict (legacy_type, legacy_id) do update set
  shop_id = excluded.shop_id,
  title = excluded.title,
  slug = excluded.slug,
  category = excluded.category,
  summary = excluded.summary,
  description = excluded.description,
  price = excluded.price,
  currency = excluded.currency,
  image_url = excluded.image_url,
  is_published = excluded.is_published;

insert into public.contacts
  (full_name, email, phone, message, source, status)
values
  ('Nguyen Minh Anh', 'minh.anh@example.com', '0900000003', 'Khach hang mau duoc import tu bang customers.', 'import', 'new'),
  ('Tran Quoc Bao', 'bao.tran@example.com', '0900000004', 'Khach hang mau duoc import tu bang customers.', 'import', 'new')
on conflict do nothing;

select setval(pg_get_serial_sequence('public.member_users', 'id'), greatest((select max(id) from public.member_users), 1), true);
select setval(pg_get_serial_sequence('public.shops', 'id'), greatest((select max(id) from public.shops), 1), true);
select setval(pg_get_serial_sequence('public.store_users', 'id'), greatest((select max(id) from public.store_users), 1), true);
select setval(pg_get_serial_sequence('public.customers', 'id'), greatest((select max(id) from public.customers), 1), true);
select setval(pg_get_serial_sequence('public.services', 'id'), greatest((select max(id) from public.services), 1), true);
select setval(pg_get_serial_sequence('public.membership_cards', 'id'), greatest((select max(id) from public.membership_cards), 1), true);
select setval(pg_get_serial_sequence('public.transactions', 'id'), greatest((select max(id) from public.transactions), 1), true);
select setval(pg_get_serial_sequence('public.promotions', 'id'), greatest((select max(id) from public.promotions), 1), true);

create extension if not exists unaccent;

create or replace function public.memberhub_slugify(value text)
returns text
language sql
stable
as $$
  select trim(both '-' from regexp_replace(replace(lower(unaccent(coalesce(value, ''))), 'đ', 'd'), '[^a-z0-9]+', '-', 'g'));
$$;

with normalized as (
  select
    id,
    coalesce(nullif(public.memberhub_slugify(coalesce(slug, name)), ''), 'shop') as base_slug
  from public.shops
),
deduped as (
  select
    id,
    case
      when count(*) over (partition by base_slug) > 1 then base_slug || '-' || id
      else base_slug
    end as next_slug
  from normalized
)
update public.shops
set slug = deduped.next_slug
from deduped
where public.shops.id = deduped.id
  and public.shops.slug is distinct from deduped.next_slug;

with normalized as (
  select
    id,
    shop_id,
    coalesce(nullif(public.memberhub_slugify(coalesce(slug, name)), ''), 'customer') as base_slug
  from public.customers
),
deduped as (
  select
    id,
    case
      when count(*) over (partition by shop_id, base_slug) > 1 then base_slug || '-' || id
      else base_slug
    end as next_slug
  from normalized
)
update public.customers
set slug = deduped.next_slug
from deduped
where public.customers.id = deduped.id
  and public.customers.slug is distinct from deduped.next_slug;

-- SaaS extensions for the production-style MemberHub dashboard.
alter table public.member_users add column if not exists locale text default 'vi';
alter table public.shops add column if not exists subscription_start_date date;
alter table public.shops add column if not exists subscription_end_date date;
alter table public.shops add column if not exists subscription_status text not null default 'active';
alter table public.shops add column if not exists subscription_plan text not null default 'standard';
alter table public.customers add column if not exists gender text;
alter table public.customers add column if not exists notes text;
alter table public.customers add column if not exists avatar_url text;

insert into public.member_users
  (name, email, password_hash, password_salt, role, status, phone)
select
  c.name,
  coalesce(nullif(lower(trim(c.email)), ''), 'customer-' || c.id || '@memberhub.local'),
  'da18da5cb55b8a656f550eb9fc69b28672575e3c872d0d26e1ff99d166dd029a1afa5d2f527bb7c203b67a13ca176c8e44e8bd54fbf11b744aa5612131f2d3e1',
  '9d578d363f9a8f5181a2047196c6ddb3',
  'customer',
  c.status,
  c.phone
from public.customers c
where c.user_id is null
on conflict (email) do nothing;

update public.customers c
set user_id = u.id
from public.member_users u
where c.user_id is null
  and u.email = coalesce(nullif(lower(trim(c.email)), ''), 'customer-' || c.id || '@memberhub.local');

alter table public.customers drop constraint if exists customers_user_id_fkey;
alter table public.customers
  add constraint customers_user_id_fkey
  foreign key (user_id) references public.member_users(id) on delete cascade;
alter table public.customers alter column user_id set not null;
alter table public.services add column if not exists image_url text;
alter table public.membership_cards add column if not exists qr_payload text;
alter table public.membership_cards add column if not exists secure_token text;
alter table public.membership_cards add column if not exists total_spend integer not null default 0;
create unique index if not exists cards_secure_token_unique_idx on public.membership_cards(secure_token) where secure_token is not null;
alter table public.transactions add column if not exists transaction_code text;
create unique index if not exists transactions_code_unique_idx on public.transactions(transaction_code) where transaction_code is not null;
alter table public.transactions add column if not exists price integer not null default 0;
alter table public.transactions add column if not exists discount integer not null default 0;
alter table public.transactions add column if not exists tax integer not null default 0;
alter table public.promotions add column if not exists type text not null default 'percent';
alter table public.promotions add column if not exists discount_amount integer not null default 0;
alter table public.promotions add column if not exists service_id integer references public.services(id) on delete set null;

create table if not exists public.roles (
  id integer generated by default as identity primary key,
  key text not null unique,
  name text not null,
  description text,
  created_at timestamptz not null default now()
);

create table if not exists public.permissions (
  id integer generated by default as identity primary key,
  key text not null unique,
  description text,
  created_at timestamptz not null default now()
);

create table if not exists public.role_permissions (
  role_id integer not null references public.roles(id) on delete cascade,
  permission_id integer not null references public.permissions(id) on delete cascade,
  primary key (role_id, permission_id)
);

create table if not exists public.membership_levels (
  id integer generated by default as identity primary key,
  shop_id integer not null references public.shops(id) on delete cascade,
  name text not null,
  color text,
  icon text,
  min_points integer not null default 0,
  min_spend integer not null default 0,
  earn_rate integer not null default 1,
  discount_percent integer not null default 0,
  benefits text,
  sort_order integer not null default 0,
  status text not null default 'active' check (status in ('active', 'inactive')),
  created_at timestamptz not null default now(),
  updated_at timestamptz not null default now(),
  unique (shop_id, name)
);

alter table public.membership_levels add column if not exists color text;
alter table public.membership_levels add column if not exists icon text;
alter table public.membership_levels add column if not exists earn_rate integer not null default 1;
alter table public.membership_levels add column if not exists sort_order integer not null default 0;

create table if not exists public.point_histories (
  id integer generated by default as identity primary key,
  shop_id integer not null references public.shops(id) on delete cascade,
  customer_id integer not null references public.customers(id) on delete cascade,
  card_id integer references public.membership_cards(id) on delete set null,
  transaction_id integer references public.transactions(id) on delete set null,
  points_before integer not null default 0,
  points_delta integer not null default 0,
  points_after integer not null default 0,
  reason text,
  actor_id integer references public.member_users(id) on delete set null,
  created_at timestamptz not null default now()
);

create table if not exists public.subscription_renewals (
  id integer generated by default as identity primary key,
  shop_id integer not null references public.shops(id) on delete cascade,
  old_end_date date,
  new_end_date date not null,
  months integer,
  actor_id integer references public.member_users(id) on delete set null,
  note text,
  created_at timestamptz not null default now()
);

create table if not exists public.activity_logs (
  id integer generated by default as identity primary key,
  shop_id integer references public.shops(id) on delete cascade,
  actor_id integer references public.member_users(id) on delete set null,
  actor_name text,
  action text not null,
  entity_type text,
  entity_id text,
  metadata jsonb not null default '{}'::jsonb,
  created_at timestamptz not null default now()
);

create table if not exists public.notifications (
  id integer generated by default as identity primary key,
  shop_id integer references public.shops(id) on delete cascade,
  user_id integer references public.member_users(id) on delete cascade,
  title text not null,
  body text,
  status text not null default 'unread' check (status in ('unread', 'read')),
  created_at timestamptz not null default now()
);

create table if not exists public.settings (
  id integer generated by default as identity primary key,
  shop_id integer references public.shops(id) on delete cascade,
  key text not null,
  value text,
  created_at timestamptz not null default now(),
  updated_at timestamptz not null default now(),
  unique (shop_id, key)
);

create table if not exists public.languages (
  id text primary key,
  name text not null,
  enabled boolean not null default true,
  created_at timestamptz not null default now()
);

create table if not exists public.translations (
  id integer generated by default as identity primary key,
  language_id text not null references public.languages(id) on delete cascade,
  key text not null,
  value text not null,
  created_at timestamptz not null default now(),
  updated_at timestamptz not null default now(),
  unique (language_id, key)
);

drop trigger if exists membership_levels_set_updated_at on public.membership_levels;
create trigger membership_levels_set_updated_at
before update on public.membership_levels
for each row execute function public.set_updated_at();

drop trigger if exists settings_set_updated_at on public.settings;
create trigger settings_set_updated_at
before update on public.settings
for each row execute function public.set_updated_at();

drop trigger if exists translations_set_updated_at on public.translations;
create trigger translations_set_updated_at
before update on public.translations
for each row execute function public.set_updated_at();

create index if not exists membership_levels_shop_idx on public.membership_levels(shop_id);
create index if not exists point_histories_shop_customer_idx on public.point_histories(shop_id, customer_id, created_at desc);
create index if not exists subscription_renewals_shop_created_idx on public.subscription_renewals(shop_id, created_at desc);
create index if not exists activity_logs_shop_created_idx on public.activity_logs(shop_id, created_at desc);
create index if not exists notifications_user_status_idx on public.notifications(user_id, status);
create index if not exists settings_shop_key_idx on public.settings(shop_id, key);
create index if not exists translations_language_key_idx on public.translations(language_id, key);

alter table public.roles enable row level security;
alter table public.permissions enable row level security;
alter table public.role_permissions enable row level security;
alter table public.membership_levels enable row level security;
alter table public.point_histories enable row level security;
alter table public.subscription_renewals enable row level security;
alter table public.activity_logs enable row level security;
alter table public.notifications enable row level security;
alter table public.settings enable row level security;
alter table public.languages enable row level security;
alter table public.translations enable row level security;

drop policy if exists "Public can read active membership levels" on public.membership_levels;
create policy "Public can read active membership levels"
on public.membership_levels
for select
to anon, authenticated
using (status = 'active');

drop policy if exists "Public can read enabled languages" on public.languages;
create policy "Public can read enabled languages"
on public.languages
for select
to anon, authenticated
using (enabled = true);

drop policy if exists "Public can read translations" on public.translations;
create policy "Public can read translations"
on public.translations
for select
to anon, authenticated
using (true);

insert into public.roles (key, name, description)
values
  ('admin', 'Super Admin', 'Full platform access'),
  ('super_admin', 'Super Admin', 'Full platform access'),
  ('owner', 'Store Owner', 'Tenant-scoped shop operations'),
  ('store_owner', 'Store Owner', 'Tenant-scoped shop operations'),
  ('customer', 'Customer', 'Self-service member portal')
on conflict (key) do update set name = excluded.name, description = excluded.description;

insert into public.permissions (key, description)
values
  ('shops.manage', 'Create and manage shops'),
  ('customers.manage', 'Create and manage customers'),
  ('services.manage', 'Create and manage services'),
  ('transactions.manage', 'Record transactions'),
  ('reports.read', 'Read revenue and customer reports'),
  ('settings.manage', 'Manage tenant settings')
on conflict (key) do update set description = excluded.description;

insert into public.languages (id, name, enabled)
values
  ('en', 'English', true),
  ('vi', 'Tieng Viet', true),
  ('es', 'Espanol', true),
  ('it', 'Italiano', true),
  ('pt', 'Portugues', true),
  ('nl', 'Nederlands', true),
  ('pl', 'Polski', true),
  ('cs', 'Cestina', true),
  ('fr', 'Francais', true),
  ('de', 'Deutsch', true),
  ('sv', 'Svenska', true),
  ('no', 'Norsk', true),
  ('da', 'Dansk', true),
  ('fi', 'Suomi', true),
  ('el', 'Greek', true),
  ('ro', 'Romana', true),
  ('hu', 'Magyar', true),
  ('sk', 'Slovencina', true),
  ('sl', 'Slovenscina', true),
  ('hr', 'Hrvatski', true),
  ('bg', 'Bulgarian', true),
  ('uk', 'Ukrainian', true),
  ('ru', 'Russian', true),
  ('tr', 'Turkce', true),
  ('et', 'Eesti', true),
  ('lv', 'Latviesu', true),
  ('lt', 'Lietuviu', true),
  ('ga', 'Irish', true),
  ('is', 'Islenska', true),
  ('ja', 'Japanese', true),
  ('ko', 'Korean', true)
on conflict (id) do update set name = excluded.name, enabled = excluded.enabled;

insert into public.membership_levels
  (shop_id, name, min_points, min_spend, discount_percent, benefits, status)
select shop_id, name, min_points, min_spend, discount_percent, benefits, 'active'
from (
  values
    (1, 'Bronze', 0, 0, 0, 'Base point earning'),
    (1, 'Silver', 100, 1000000, 5, 'Priority booking and 5 percent discount'),
    (1, 'Gold', 500, 5000000, 12, 'VIP booking, birthday gift and 12 percent discount'),
    (1, 'Diamond', 1200, 12000000, 18, 'Premium benefits and 18 percent discount'),
    (2, 'Bronze', 0, 0, 0, 'Base point earning'),
    (2, 'Diamond', 1200, 12000000, 18, 'Coach review and premium offers')
) as seed(shop_id, name, min_points, min_spend, discount_percent, benefits)
on conflict (shop_id, name) do update set
  min_points = excluded.min_points,
  min_spend = excluded.min_spend,
  discount_percent = excluded.discount_percent,
  benefits = excluded.benefits,
  status = excluded.status;

insert into public.settings (shop_id, key, value)
values
  (1, 'points_rate', '1 point per 10,000 VND'),
  (1, 'points_vnd_per_point', '10000'),
  (1, 'storage_bucket', 'memberhub-assets'),
  (null, 'auth_provider', 'Supabase Auth ready'),
  (null, 'rls', 'shop_id policies enabled')
on conflict (shop_id, key) do update set value = excluded.value;

update public.membership_cards
set secure_token = encode(gen_random_bytes(24), 'hex')
where secure_token is null;

update public.membership_cards
set qr_payload = '/member/' || secure_token
where secure_token is not null
  and (qr_payload is null or qr_payload like 'memberhub://card/%');

insert into public.activity_logs (shop_id, actor_id, actor_name, action, entity_type, entity_id, metadata)
values
  (1, 1, 'System Admin', 'created.membership_card', 'membership_card', 'MC001IMPORT001', '{"source":"seed"}'),
  (1, null, 'System Admin', 'updated.promotion', 'promotion', '1', '{"source":"seed"}'),
  (2, null, 'Nova Fitness Owner', 'exported.report', 'report', 'monthly', '{"source":"seed"}')
on conflict do nothing;

insert into public.notifications (shop_id, user_id, title, body, status)
values
  (1, null, 'Gold promotion is active', '15 percent offer is visible to Gold members.', 'unread'),
  (1, null, 'You earned 55 points', 'Hot Stone Massage transaction was recorded.', 'unread'),
  (2, null, 'Revenue report ready', 'June report has been refreshed.', 'read')
on conflict do nothing;

insert into public.shops (id, name, slug, address, phone, email, owner_id, status)
select
  10 + n,
  'Demo Shop ' || n,
  'demo-shop-' || n,
  (10 + n) || ' SaaS Street',
  '028 7000 ' || lpad(n::text, 4, '0'),
  'shop' || n || '@example.com',
  null,
  'active'
from generate_series(1, 3) as n
on conflict (id) do nothing;

insert into public.member_users
  (id, name, email, password_hash, password_salt, role, status, phone)
select
  1000 + n,
  'Demo Customer ' || n,
  'customer' || n || '@example.com',
  'da18da5cb55b8a656f550eb9fc69b28672575e3c872d0d26e1ff99d166dd029a1afa5d2f527bb7c203b67a13ca176c8e44e8bd54fbf11b744aa5612131f2d3e1',
  '9d578d363f9a8f5181a2047196c6ddb3',
  'customer',
  'active',
  '091' || lpad(n::text, 7, '0')
from generate_series(1, 200) as n
on conflict (id) do update set
  name = excluded.name,
  email = excluded.email,
  password_hash = excluded.password_hash,
  password_salt = excluded.password_salt,
  role = excluded.role,
  status = excluded.status,
  phone = excluded.phone;

insert into public.customers
  (id, user_id, shop_id, name, slug, email, phone, birthday, address, status, gender, notes)
select
  1000 + n,
  1000 + n,
  case when n % 5 = 0 then 2 when n % 4 = 0 then 11 when n % 3 = 0 then 12 when n % 2 = 0 then 13 else 1 end,
  'Demo Customer ' || n,
  'demo-customer-' || n,
  'customer' || n || '@example.com',
  '091' || lpad(n::text, 7, '0'),
  date '1988-01-01' + (n % 9000),
  'District ' || (n % 12 + 1),
  'active',
  case when n % 2 = 0 then 'Female' else 'Male' end,
  'Generated seed customer'
from generate_series(1, 200) as n
on conflict (id) do nothing;

insert into public.services
  (id, shop_id, name, price, duration_minutes, description, status, image_url)
select
  1000 + n,
  case when n % 5 = 0 then 2 when n % 4 = 0 then 11 when n % 3 = 0 then 12 when n % 2 = 0 then 13 else 1 end,
  'Demo Service ' || n,
  150000 + (n % 15) * 50000,
  30 + (n % 6) * 10,
  'Generated service for SaaS demo seed',
  'active',
  '/assets/beauty-hero.png'
from generate_series(1, 100) as n
on conflict (id) do nothing;

insert into public.membership_cards
  (id, customer_id, shop_id, card_number, qr_payload, points, tier, total_spend, expires_at, status)
select
  1000 + n,
  1000 + n,
  case when n % 5 = 0 then 2 when n % 4 = 0 then 11 when n % 3 = 0 then 12 when n % 2 = 0 then 13 else 1 end,
  'MCDEMO' || lpad(n::text, 6, '0'),
  'memberhub://card/MCDEMO' || lpad(n::text, 6, '0'),
  (n * 37) % 1800,
  case when n % 11 = 0 then 'Diamond' when n % 7 = 0 then 'Gold' when n % 3 = 0 then 'Silver' else 'Silver' end,
  500000 + n * 83000,
  current_date + interval '18 months',
  'active'
from generate_series(1, 200) as n
on conflict (id) do nothing;

insert into public.transactions
  (id, customer_id, shop_id, service_id, price, discount, tax, amount, points_delta, note, created_at)
select
  10000 + n,
  1000 + ((n - 1) % 200) + 1,
  c.shop_id,
  1000 + ((n - 1) % 100) + 1,
  s.price,
  case when n % 8 = 0 then s.price / 10 else 0 end,
  0,
  s.price - case when n % 8 = 0 then s.price / 10 else 0 end,
  (s.price / 10000)::integer,
  'Generated transaction',
  now() - ((n % 180) || ' days')::interval
from generate_series(1, 1000) as n
join public.customers c on c.id = 1000 + ((n - 1) % 200) + 1
join public.services s on s.id = 1000 + ((n - 1) % 100) + 1
on conflict (id) do nothing;

select setval(pg_get_serial_sequence('public.member_users', 'id'), greatest((select max(id) from public.member_users), 1), true);
select setval(pg_get_serial_sequence('public.shops', 'id'), greatest((select max(id) from public.shops), 1), true);
select setval(pg_get_serial_sequence('public.store_users', 'id'), greatest((select max(id) from public.store_users), 1), true);
select setval(pg_get_serial_sequence('public.customers', 'id'), greatest((select max(id) from public.customers), 1), true);
select setval(pg_get_serial_sequence('public.services', 'id'), greatest((select max(id) from public.services), 1), true);
select setval(pg_get_serial_sequence('public.membership_cards', 'id'), greatest((select max(id) from public.membership_cards), 1), true);
select setval(pg_get_serial_sequence('public.transactions', 'id'), greatest((select max(id) from public.transactions), 1), true);
select setval(pg_get_serial_sequence('public.promotions', 'id'), greatest((select max(id) from public.promotions), 1), true);
